{"cameraMode":{"drawMode":0,"name":"Shaded","section":"Shading Mode"},"sceneLighting":true,"audioPlay":false,"sceneViewState":{"m_AlwaysRefresh":false,"showFog":true,"showSkybox":true,"showFlares":true,"showImageEffects":true,"showParticleSystems":true,"showVisualEffectGraphs":true,"m_FxEnabled":true},"in2DMode":false,"pivot":{"x":0.6167970299720764,"y":4.417964458465576,"z":-10.220279693603516},"rotation":{"x":0.1331014484167099,"y":0.0059465705417096619,"z":-0.0007986185373738408,"w":0.9910840392112732},"size":9.382552146911621,"orthographic":false}