{"cameraMode":{"drawMode":0,"name":"Shaded","section":"Shading Mode"},"sceneLighting":true,"audioPlay":false,"sceneViewState":{"m_AlwaysRefresh":false,"showFog":true,"showSkybox":true,"showFlares":true,"showImageEffects":true,"showParticleSystems":true,"showVisualEffectGraphs":true,"m_FxEnabled":true},"in2DMode":false,"pivot":{"x":0.33244606852531435,"y":4.187921524047852,"z":-3.170001983642578},"rotation":{"x":0.18050433695316316,"y":-0.002950718393549323,"z":0.0005415151244960725,"w":0.9835697412490845},"size":13.209802627563477,"orthographic":false}