{"cameraMode":{"drawMode":0,"name":"Shaded","section":"Shading Mode"},"sceneLighting":true,"audioPlay":false,"sceneViewState":{"m_AlwaysRefresh":false,"showFog":true,"showSkybox":true,"showFlares":true,"showImageEffects":true,"showParticleSystems":true,"showVisualEffectGraphs":true,"m_FxEnabled":true},"in2DMode":false,"pivot":{"x":-0.8175303936004639,"y":6.807750701904297,"z":-2.181854248046875},"rotation":{"x":0.18050433695316316,"y":-0.002950718393549323,"z":0.0005415151244960725,"w":0.9835697412490845},"size":13.776290893554688,"orthographic":false}